r.squared,adj.r.squared,sigma,statistic,p.value,df,logLik,AIC,BIC,deviance,df.residual,nobs
0.06682568877184465,0.0473845572879249,1.5629159144016957,3.4373353643082627,0.06988852980994824,1,-92.25403941845252,190.50807883690504,196.24414785318947,117.24989546352428,48,50
