r.squared,adj.r.squared,sigma,statistic,p.value,df,logLik,AIC,BIC,deviance,df.residual,nobs
0.0444263726032182,0.024095018828818704,1.5960374391865537,2.185116303428748,0.14602134771205297,1,-91.41568095279652,188.83136190559304,194.50682279992492,119.72476884240311,47,49
