r.squared,adj.r.squared,sigma,statistic,p.value,df,logLik,AIC,BIC,deviance,df.residual,nobs
0.03948810012203952,0.0194774355412487,1.5856436798347273,1.973352757106626,0.1665310459989852,1,-92.9758983992923,191.9517967985846,197.68786581486904,120.68476221119113,48,50
