r.squared,adj.r.squared,sigma,statistic,p.value,df,logLik,AIC,BIC,deviance,df.residual,nobs
0.04127816073092234,0.020879823725197366,159.31388743898347,2.0236042143698816,0.16147458536836667,1,-316.9799502248607,639.9599004497214,645.6353613440533,1192902.9923532915,47,49
