term,estimate,std.error,statistic,p.value
(Intercept),1.9662272776682033,0.47327982920703254,4.154470899304041,1.3323711450335368e-4
frac_years_below_95,1.2298301802132838,0.6633369558090744,1.8540052222980035,0.06988852980994795
