term,estimate,std.error,statistic,p.value
(Intercept),14.247328859769794,8.193222755183925,1.7389163318860559,0.0884601104624696
mmr_mean,-0.1231020612247009,0.08763204799309225,-1.4047607472828276,0.16653104599898713
