term,estimate,std.error,statistic,p.value
(Intercept),1.793049614549538,0.6736525963899002,2.6616829270138336,0.010607901644854683
pct_years_any,2.0226652949128185,1.3683170677348893,1.4782138896075723,0.146021347712053
