term,estimate,std.error,statistic,p.value
(Intercept),27.707011202685628,33.17390325584659,0.8352050402089036,0.40782794191934535
hsgradratediff,14.742517131661081,10.363557313574278,1.4225344334566667,0.16147458536836692
