term,estimate,std.error,statistic,p.value
(Intercept),2.4339193229600786,0.3313237590140714,7.346045240470393,2.1718628719293133e-9
hsgradratediff,0.13052009952092805,0.10296785462521785,1.2675810328960897,0.21106250614054495
